Workbook

Sheet 기본가정
A1: 기본가정
A2: BEAUNESS 공동구매 모니터링 — 예측점수 가중치 및 기준값 (담당: 사업부 리더)
A3: 항목 | B3: 값 | C3: 설명
A4: 기준연월 | B4: 2026-08 | C4: YYYY-MM 형식
A5: 셀러영향력점수 가중치 | B5: 0.4 | C5: 예측점수 = 셀러영향력×w1 + 공구모멘텀×w2 + 시장수요×w3
A6: 공구모멘텀점수 가중치 | B6: 0.3
A7: 시장수요점수 가중치 | B7: 0.3 | C7: 3개 가중치 합계는 1.0 이어야 합니다
A8: 가중치 합계 | B8: =SUM(B5:B7)

Sheet 카테고리마스터
A1: 카테고리마스터
A2: 신규 제품 카테고리 추가 시 먼저 이 시트에 등록 (담당: 사업부)
A3: 카테고리ID | B3: 대분류 | C3: 소분류 | D3: 비고
A4: CAT01 | B4: 뷰티 | C4: 스킨케어
A5: CAT02 | B5: 뷰티 | C5: 색조/헤어
A6: CAT03 | B6: 헬스 | C6: 이너뷰티/건강기능식품
A7: CAT04 | B7: 헬스 | C7: 다이어트/식단
A8: CAT05 | B8: 생활 | C8: 유아동
A9: CAT06 | B9: 생활 | C9: 주방/생활가전
A10: CAT07 | B10: 식품 | C10: 간편식/디저트
A11: CAT08 | B11: 패션 | C11: 의류/잡화

Sheet 셀러마스터
A1: 셀러마스터
A2: 공동구매를 진행하는 셀러(인플루언서) 등록 (담당: 마케팅팀)
A3: 셀러ID | B3: 셀러명 | C3: 대표플랫폼 | D3: 인스타그램 핸들 | E3: 유튜브 채널URL | F3: 팔로워수(IG) | G3: 구독자수(YT) | H3: 등급 | I3: 등급점수(자동) | J3: 주요카테고리ID | K3: 소속MCN/연락처
A4: SEL01 | B4: 뷰니스언니 | C4: 인스타그램 | D4: @beauness_unni | F4: 85000 | G4: 0 | H4: 매크로 | I4: =IFS(H4="나노",25,H4="마이크로",50,H4="매크로",75,H4="메가",100,TRUE,0) | J4: 자체
A5: SEL02 | B5: 헬시한윤아 | C5: 유튜브 | E5: youtube.com/@healthyyuna | F5: 12000 | G5: 210000 | H5: 메가 | I5: =IFS(H5="나노",25,H5="마이크로",50,H5="매크로",75,H5="메가",100,TRUE,0) | J5: ABC MCN
A6: SEL03 | B6: 육아템민지 | C6: 인스타그램 | D6: @mommy_minji | F6: 32000 | G6: 0 | H6: 마이크로 | I6: =IFS(H6="나노",25,H6="마이크로",50,H6="매크로",75,H6="메가",100,TRUE,0) | J6: 자체
A7: SEL04 | B7: 다이어터소희 | C7: 인스타그램 | D7: @sohee_diet | F7: 8000 | G7: 0 | H7: 나노 | I7: =IFS(H7="나노",25,H7="마이크로",50,H7="매크로",75,H7="메가",100,TRUE,0) | J7: 자체
A8: SEL05 | B8: 리빙템수아 | C8: 유튜브 | E8: youtube.com/@livingsua | F8: 0 | G8: 45000 | H8: 마이크로 | I8: =IFS(H8="나노",25,H8="마이크로",50,H8="매크로",75,H8="메가",100,TRUE,0) | J8: XYZ MCN

Sheet 채널마스터
A1: 채널마스터
A2: 공동구매가 실제로 열리는 채널(URL) 등록 (담당: 마케팅팀)
A3: 채널ID | B3: 채널유형 | C3: 채널명 | D3: URL
A4: CH01 | B4: 인스타그램 | C4: 뷰니스언니 공구스토리 | D4: instagram.com/beauness_unni
A5: CH02 | B5: 유튜브 | C5: 헬시한윤아 커뮤니티탭 | D5: youtube.com/@healthyyuna/community
A6: CH03 | B6: 네이버카페 | C6: 육아템민지 카페 공구게시판 | D6: cafe.naver.com/mommyminji
A7: CH04 | B7: 오픈채팅 | C7: 다이어터소희 공구방 | D7: open.kakao.com/o/soheediet
A8: CH05 | B8: 자사몰 | C8: 뷰니스 공식몰 공구관 | D8: beauness.co.kr/gonggu

Sheet 공동구매마스터
A1: 공동구매마스터
A2: 전체 공동구매 건 등록 — 신규 발견 즉시 입력 (담당: 전 담당자)
A3: No | B3: 제품명(SKU) | C3: 카테고리ID | D3: 셀러ID | E3: 진행채널ID | F3: 오픈일 | G3: 마감일 | H3: 상태(자동) | I3: 정가 | J3: 판매가(공구가) | K3: 할인율(자동) | L3: 목표판매수량 | M3: 실판매수량 | N3: 예상매출액(자동) | O3: 실매출액(자동) | P3: 수수료율 | Q3: 예상순이익(자동) | R3: 셀러등급점수(자동) | S3: 데이터출처 | T3: 등록자 | U3: 등록일 | V3: 비고
A4: 1 | B4: 콜라겐 이너샷 30포 | C4: CAT03 | D4: SEL02 | E4: CH02 | F4: 2026-06-01 | G4: 2026-06-10 | H4: =IF(TODAY()<F4,"예정",IF(TODAY()<=G4,"진행중","종료")) | I4: 39000 | J4: 27300 | K4: =1-J4/I4 | L4: 1200 | M4: 1180 | N4: =J4*L4 | O4: =J4*M4 | P4: 0.15 | Q4: =IF(M4=0,N4,O4)*(1-P4) | R4: =IFERROR(VLOOKUP(D4,셀러마스터!$A$4:$I$200,9,FALSE),0) | S4: 수동입력 | T4: 김마케터 | U4: 2026-05-28
A5: 2 | B5: 유아 실리콘 식판 세트 | C5: CAT05 | D5: SEL03 | E5: CH03 | F5: 2026-07-15 | G5: 2026-07-22 | H5: =IF(TODAY()<F5,"예정",IF(TODAY()<=G5,"진행중","종료")) | I5: 25000 | J5: 18000 | K5: =1-J5/I5 | L5: 800 | M5: 760 | N5: =J5*L5 | O5: =J5*M5 | P5: 0.12 | Q5: =IF(M5=0,N5,O5)*(1-P5) | R5: =IFERROR(VLOOKUP(D5,셀러마스터!$A$4:$I$200,9,FALSE),0) | S5: 수동입력 | T5: 이담당 | U5: 2026-07-10
A6: 3 | B6: 저당 단백질 그래놀라 | C6: CAT04 | D6: SEL04 | E6: CH04 | F6: 2026-08-10 | G6: 2026-08-20 | H6: =IF(TODAY()<F6,"예정",IF(TODAY()<=G6,"진행중","종료")) | I6: 22000 | J6: 15800 | K6: =1-J6/I6 | L6: 1500 | M6: 950 | N6: =J6*L6 | O6: =J6*M6 | P6: 0.1 | Q6: =IF(M6=0,N6,O6)*(1-P6) | R6: =IFERROR(VLOOKUP(D6,셀러마스터!$A$4:$I$200,9,FALSE),0) | S6: 수동입력 | T6: 박사원 | U6: 2026-08-05
A7: 4 | B7: 수분 진정 크림 3종 | C7: CAT01 | D7: SEL01 | E7: CH01 | F7: 2026-08-20 | G7: 2026-08-30 | H7: =IF(TODAY()<F7,"예정",IF(TODAY()<=G7,"진행중","종료")) | I7: 42000 | J7: 29900 | K7: =1-J7/I7 | L7: 2000 | M7: 0 | N7: =J7*L7 | O7: =J7*M7 | P7: 0.15 | Q7: =IF(M7=0,N7,O7)*(1-P7) | R7: =IFERROR(VLOOKUP(D7,셀러마스터!$A$4:$I$200,9,FALSE),0) | S7: 수동입력 | T7: 김마케터 | U7: 2026-08-18
A8: 5 | B8: 무선 스틱 청소기 | C8: CAT06 | D8: SEL05 | E8: CH02 | F8: 2026-09-05 | G8: 2026-09-15 | H8: =IF(TODAY()<F8,"예정",IF(TODAY()<=G8,"진행중","종료")) | I8: 189000 | J8: 139000 | K8: =1-J8/I8 | L8: 300 | M8: 0 | N8: =J8*L8 | O8: =J8*M8 | P8: 0.1 | Q8: =IF(M8=0,N8,O8)*(1-P8) | R8: =IFERROR(VLOOKUP(D8,셀러마스터!$A$4:$I$200,9,FALSE),0) | S8: 수동입력 | T8: 이담당 | U8: 2026-08-22
A9: 6 | B9: 이너뷰티 콤부차 2박스 | C9: CAT03 | D9: SEL02 | E9: CH02 | F9: 2026-09-20 | G9: 2026-09-30 | H9: =IF(TODAY()<F9,"예정",IF(TODAY()<=G9,"진행중","종료")) | I9: 48000 | J9: 34900 | K9: =1-J9/I9 | L9: 1000 | M9: 0 | N9: =J9*L9 | O9: =J9*M9 | P9: 0.15 | Q9: =IF(M9=0,N9,O9)*(1-P9) | R9: =IFERROR(VLOOKUP(D9,셀러마스터!$A$4:$I$200,9,FALSE),0) | S9: 수동입력 | T9: 박사원 | U9: 2026-08-24

Sheet 시장수요트래킹
A1: 시장수요트래킹
A2: 오픈마켓/홈쇼핑/검색트렌드 등 외부 수요 신호 기록 — 예측점수 산출에 사용 (담당: 마케팅/사업개발)
A3: No | B3: 제품/키워드 | C3: 카테고리ID | D3: 채널유형 | E3: 채널명 | F3: 지표유형 | G3: 수요지수(1~100) | H3: 수집일 | I3: 데이터출처 | J3: 비고
A4: 1 | B4: 콜라겐 | C4: CAT03 | D4: 검색트렌드 | E4: 네이버 데이터랩 | F4: 검색량지수 | G4: 78 | H4: 2026-08-20 | I4: 수동입력
A5: 2 | B5: 무선청소기 | C5: CAT06 | D5: 오픈마켓 | E5: 쿠팡 베스트 | F5: 베스트순위 환산 | G5: 65 | H5: 2026-08-21 | I5: 수동입력
A6: 3 | B6: 단백질 그래놀라 | C6: CAT04 | D6: 검색트렌드 | E6: 네이버 데이터랩 | F6: 검색량지수 | G6: 58 | H6: 2026-08-22 | I6: 수동입력
A7: 4 | B7: 수분크림 | C7: CAT01 | D7: 홈쇼핑 | E7: GS홈쇼핑 편성 | F7: 방송매출 환산 | G7: 70 | H7: 2026-08-19 | I7: 수동입력
A8: 5 | B8: 유아 식판 | C8: CAT05 | D8: 오픈마켓 | E8: 네이버쇼핑 | F8: 인기도순위 환산 | G8: 60 | H8: 2026-08-18 | I8: 수동입력

Sheet 예측점수
A1: 예측점수
A2: 카테고리별 히트 예상 점수 — 전체 수식 자동계산 (직접 입력 금지)
A3: 카테고리ID | B3: 카테고리명 | C3: 셀러영향력점수 | D3: 공구모멘텀점수 | E3: 시장수요점수 | F3: 종합히트예상점수 | G3: 등급
A4: =카테고리마스터!A4 | B4: =IFERROR(카테고리마스터!C4,"") | C4: =IFERROR(AVERAGEIF(공동구매마스터!$C$4:$C$500,A4,공동구매마스터!$R$4:$R$500),0) | D4: =MIN(100,MAX(0,50+(COUNTIFS(공동구매마스터!$C$4:$C$500,A4,공동구매마스터!$F$4:$F$500,">="&EDATE(TODAY(),-3))-COUNTIFS(공동구매마스터!$C$4:$C$500,A4,공동구매마스터!$F$4:$F$500,">="&EDATE(TODAY(),-6),공동구매마스터!$F$4:$F$500,"<"&EDATE(TODAY(),-3)))*10)) | E4: =IFERROR(AVERAGEIF(시장수요트래킹!$C$4:$C$500,A4,시장수요트래킹!$G$4:$G$500),0) | F4: =C4*기본가정!$B$5+D4*기본가정!$B$6+E4*기본가정!$B$7 | G4: =IF(F4>=80,"S",IF(F4>=60,"A",IF(F4>=40,"B","C")))
A5: =카테고리마스터!A5 | B5: =IFERROR(카테고리마스터!C5,"") | C5: =IFERROR(AVERAGEIF(공동구매마스터!$C$4:$C$500,A5,공동구매마스터!$R$4:$R$500),0) | D5: =MIN(100,MAX(0,50+(COUNTIFS(공동구매마스터!$C$4:$C$500,A5,공동구매마스터!$F$4:$F$500,">="&EDATE(TODAY(),-3))-COUNTIFS(공동구매마스터!$C$4:$C$500,A5,공동구매마스터!$F$4:$F$500,">="&EDATE(TODAY(),-6),공동구매마스터!$F$4:$F$500,"<"&EDATE(TODAY(),-3)))*10)) | E5: =IFERROR(AVERAGEIF(시장수요트래킹!$C$4:$C$500,A5,시장수요트래킹!$G$4:$G$500),0) | F5: =C5*기본가정!$B$5+D5*기본가정!$B$6+E5*기본가정!$B$7 | G5: =IF(F5>=80,"S",IF(F5>=60,"A",IF(F5>=40,"B","C")))
A6: =카테고리마스터!A6 | B6: =IFERROR(카테고리마스터!C6,"") | C6: =IFERROR(AVERAGEIF(공동구매마스터!$C$4:$C$500,A6,공동구매마스터!$R$4:$R$500),0) | D6: =MIN(100,MAX(0,50+(COUNTIFS(공동구매마스터!$C$4:$C$500,A6,공동구매마스터!$F$4:$F$500,">="&EDATE(TODAY(),-3))-COUNTIFS(공동구매마스터!$C$4:$C$500,A6,공동구매마스터!$F$4:$F$500,">="&EDATE(TODAY(),-6),공동구매마스터!$F$4:$F$500,"<"&EDATE(TODAY(),-3)))*10)) | E6: =IFERROR(AVERAGEIF(시장수요트래킹!$C$4:$C$500,A6,시장수요트래킹!$G$4:$G$500),0) | F6: =C6*기본가정!$B$5+D6*기본가정!$B$6+E6*기본가정!$B$7 | G6: =IF(F6>=80,"S",IF(F6>=60,"A",IF(F6>=40,"B","C")))
A7: =카테고리마스터!A7 | B7: =IFERROR(카테고리마스터!C7,"") | C7: =IFERROR(AVERAGEIF(공동구매마스터!$C$4:$C$500,A7,공동구매마스터!$R$4:$R$500),0) | D7: =MIN(100,MAX(0,50+(COUNTIFS(공동구매마스터!$C$4:$C$500,A7,공동구매마스터!$F$4:$F$500,">="&EDATE(TODAY(),-3))-COUNTIFS(공동구매마스터!$C$4:$C$500,A7,공동구매마스터!$F$4:$F$500,">="&EDATE(TODAY(),-6),공동구매마스터!$F$4:$F$500,"<"&EDATE(TODAY(),-3)))*10)) | E7: =IFERROR(AVERAGEIF(시장수요트래킹!$C$4:$C$500,A7,시장수요트래킹!$G$4:$G$500),0) | F7: =C7*기본가정!$B$5+D7*기본가정!$B$6+E7*기본가정!$B$7 | G7: =IF(F7>=80,"S",IF(F7>=60,"A",IF(F7>=40,"B","C")))
A8: =카테고리마스터!A8 | B8: =IFERROR(카테고리마스터!C8,"") | C8: =IFERROR(AVERAGEIF(공동구매마스터!$C$4:$C$500,A8,공동구매마스터!$R$4:$R$500),0) | D8: =MIN(100,MAX(0,50+(COUNTIFS(공동구매마스터!$C$4:$C$500,A8,공동구매마스터!$F$4:$F$500,">="&EDATE(TODAY(),-3))-COUNTIFS(공동구매마스터!$C$4:$C$500,A8,공동구매마스터!$F$4:$F$500,">="&EDATE(TODAY(),-6),공동구매마스터!$F$4:$F$500,"<"&EDATE(TODAY(),-3)))*10)) | E8: =IFERROR(AVERAGEIF(시장수요트래킹!$C$4:$C$500,A8,시장수요트래킹!$G$4:$G$500),0) | F8: =C8*기본가정!$B$5+D8*기본가정!$B$6+E8*기본가정!$B$7 | G8: =IF(F8>=80,"S",IF(F8>=60,"A",IF(F8>=40,"B","C")))
A9: =카테고리마스터!A9 | B9: =IFERROR(카테고리마스터!C9,"") | C9: =IFERROR(AVERAGEIF(공동구매마스터!$C$4:$C$500,A9,공동구매마스터!$R$4:$R$500),0) | D9: =MIN(100,MAX(0,50+(COUNTIFS(공동구매마스터!$C$4:$C$500,A9,공동구매마스터!$F$4:$F$500,">="&EDATE(TODAY(),-3))-COUNTIFS(공동구매마스터!$C$4:$C$500,A9,공동구매마스터!$F$4:$F$500,">="&EDATE(TODAY(),-6),공동구매마스터!$F$4:$F$500,"<"&EDATE(TODAY(),-3)))*10)) | E9: =IFERROR(AVERAGEIF(시장수요트래킹!$C$4:$C$500,A9,시장수요트래킹!$G$4:$G$500),0) | F9: =C9*기본가정!$B$5+D9*기본가정!$B$6+E9*기본가정!$B$7 | G9: =IF(F9>=80,"S",IF(F9>=60,"A",IF(F9>=40,"B","C")))
A10: =카테고리마스터!A10 | B10: =IFERROR(카테고리마스터!C10,"") | C10: =IFERROR(AVERAGEIF(공동구매마스터!$C$4:$C$500,A10,공동구매마스터!$R$4:$R$500),0) | D10: =MIN(100,MAX(0,50+(COUNTIFS(공동구매마스터!$C$4:$C$500,A10,공동구매마스터!$F$4:$F$500,">="&EDATE(TODAY(),-3))-COUNTIFS(공동구매마스터!$C$4:$C$500,A10,공동구매마스터!$F$4:$F$500,">="&EDATE(TODAY(),-6),공동구매마스터!$F$4:$F$500,"<"&EDATE(TODAY(),-3)))*10)) | E10: =IFERROR(AVERAGEIF(시장수요트래킹!$C$4:$C$500,A10,시장수요트래킹!$G$4:$G$500),0) | F10: =C10*기본가정!$B$5+D10*기본가정!$B$6+E10*기본가정!$B$7 | G10: =IF(F10>=80,"S",IF(F10>=60,"A",IF(F10>=40,"B","C")))
A11: =카테고리마스터!A11 | B11: =IFERROR(카테고리마스터!C11,"") | C11: =IFERROR(AVERAGEIF(공동구매마스터!$C$4:$C$500,A11,공동구매마스터!$R$4:$R$500),0) | D11: =MIN(100,MAX(0,50+(COUNTIFS(공동구매마스터!$C$4:$C$500,A11,공동구매마스터!$F$4:$F$500,">="&EDATE(TODAY(),-3))-COUNTIFS(공동구매마스터!$C$4:$C$500,A11,공동구매마스터!$F$4:$F$500,">="&EDATE(TODAY(),-6),공동구매마스터!$F$4:$F$500,"<"&EDATE(TODAY(),-3)))*10)) | E11: =IFERROR(AVERAGEIF(시장수요트래킹!$C$4:$C$500,A11,시장수요트래킹!$G$4:$G$500),0) | F11: =C11*기본가정!$B$5+D11*기본가정!$B$6+E11*기본가정!$B$7 | G11: =IF(F11>=80,"S",IF(F11>=60,"A",IF(F11>=40,"B","C")))

Sheet 대시보드
A1: 대시보드
A2: KPI 요약 (직접 입력 금지, 상세 화면은 웹 대시보드 이용)
A3: 지표 | B3: 값 | C3: 비고
A4: 진행중 공구 수 | B4: =COUNTIF(공동구매마스터!$H$4:$H$500,"진행중")
A5: 예정 공구 수 | B5: =COUNTIF(공동구매마스터!$H$4:$H$500,"예정")
A6: 종료 공구 수 | B6: =COUNTIF(공동구매마스터!$H$4:$H$500,"종료")
A7: 등록 셀러 수 | B7: =COUNTA(셀러마스터!$A$4:$A$200)
A8: 이번달 누적 실매출액 | B8: =SUMPRODUCT((TEXT(공동구매마스터!$F$4:$F$500,"YYYY-MM")=TEXT(TODAY(),"YYYY-MM"))*공동구매마스터!$O$4:$O$500)
A9: 히트예상 S등급 카테고리 수 | B9: =COUNTIF(예측점수!$G$4:$G$11,"S")
